Color;Words
Black;Bold, Rich, Power, Elegance, Power, Mystery, Elegance, Strength, Sophistication, Formality, Death, Dominance, Luxury, Knowledge, Glamour, Heavy
White;Freshness, Hope, Goodness, Light, Purity, Cleanness, Simplicity, Coolness, Coldness, Emptiness, Undefined
Grey;Stability, Security, Strength, Authority, Elegance, Neutrality, Wisdom, Decay, Pollution, Dampness, Practical, Formal, Quiet, Conservative
Green;Soothing, Eco-Friendly, Natural, Balance, Restful, Life, Growth, Environment, Healing, Money, Safety, Relaxation, Outdoor, Fertility, Eco, Luck, Illness, Corrosion, Dependability, Balance, Stability
Red;Immediacy, Energy, Sale, Hunger, Danger, Daring, Romance, Style, Urgency, Energetic, Conflict, Fire, Warmth, Aggression, War, Defiance, Attention, Excitement
Orange;Health, Attraction, Thirst, Wealth, Youthful, Enthusiasm, Creativity, Fall, Flamboyance, Warning, Optimistic
Yellow;Cheer, Attention, Childish, Fresh, Energy, Joy, Intellect, Energy, Caution, Sunshine, Summer, Animation, Sensational, Creativity, Hazard, Deceit, Enthusiasm, Opportunity
Blue;Trust, Smart, Calm, Natural, Stable, Power, Peace, Stability, Tranquillity, Sincerity, Integry, Air, Sky, Deep, Thinking, Masculine, Efficiency, Professional, Coldness, Freedom, Self-expression, Security
Purple;Tenderness, Emotional, Sexuality, Royalty, Luxury, Dignity, Wisdom, Spirituality, Magic, Noble, Ambitious, Dignity, Profanity, Inferiority, Admiration, Acceptation, Immagination, Compation